;uid(Unique identification for Address);owner(Reference B2Bunit id);billingAddress;contactAddress;unloadingAddress;pricing;shippingAddress;appartment;building;cellphone;company;country(isocode);dateOfBirth[dateformat=dd.MM.yyyy hh:mm:ss];department;district;email;erpPartnerID;fax;firstname;gender(code,itemtype(code));lastname;middlename;phone1;phone2;pobox;postalcode;region(country(isocode),isocode);streetname;streetnumber;title(code);town;url;companyName2;companyName3;companyName4
181001.100;181001;TRUE;FALSE;TRUE;FALSE;TRUE;;;;Bosch Company;US;;;;Xfelten.stephane@bosch.com;106000420;;Stephane;;Felten;;1-800-331-3337 (Customer Service);;;74146;US:US-OK;;9909;;Tulsa;;;;
181002.101;181002;FALSE;TRUE;FALSE;TRUE;FALSE;;;;San Company;US;;;;Xschuh.verena@bosch.com;106000420;;Verena;;Schuh;;1-800-331-3337 (Customer Service);;;74146;US:US-OK;;9909;;Tulsa;;;;
181002.102;181002;TRUE;TRUE;TRUE;TRUE;TRUE;;;;San Company;US;;;;Xschuh.verena@bosch.com;106000420;;Verena;;Schuh2;;1-800-331-3337 (Customer Service);;;74146;US:US-OK;;9909;;Tulsa;;;;


